modelo,acuracia,nota_media
gemma2,0.0,0.5166666666666667
llama321b,0.0,0.0
llama323b,0.0,0.13749999999999998
