modelo,gemma2,llama321b,llama323b
gemma2,1.0,0.5703209042549133,0.6095346808433533
llama321b,0.5703209042549133,1.0,0.5749682188034058
llama323b,0.6095346808433533,0.5749682188034058,1.0
