modelo,gemma2,llama321b,llama323b
gemma2,1.0,0.9566232562065125,0.9574354290962219
llama321b,0.9566232562065125,1.0,0.9550297856330872
llama323b,0.9574354290962219,0.9550297856330872,1.0
