modelo,gemma2,llama321b,llama323b
gemma2,1.0,0.5590963959693909,0.5770508646965027
llama321b,0.5590963959693909,1.0,0.5567019581794739
llama323b,0.5770508646965027,0.5567019581794739,1.0
